service_slug,service_name,country,segment,intent,attraction_offer,meta_title,meta_description
cis-compliance,CIS Compliance Services,UK,contractors,BoF,Y,Free CIS Compliance Check | Construction Accountants UK | File Easy,Get a free CIS compliance check for your construction business. CIS-compliant bookkeeping, monthly returns, and HMRC record-keeping. Book a free consultation today.
cis-registration,CIS Registration Services,UK,contractors,MoF,N,CIS Registration Services for UK Contractors | File Easy Accountancy,Expert CIS registration services for UK contractors. We handle HMRC registration, CIS setup, and compliance. Serving contractors across Kent, London, and the UK.
cis-returns-filing,CIS Returns Filing,UK,contractors,BoF,Y,Free CIS Returns Review | Construction Accountants UK | File Easy,Get a free CIS returns review. We handle monthly CIS returns, deduction statements, and HMRC record-keeping. Book a free consultation today.
project-accounting,Project-Based Accounting,UK,developers,BoF,Y,Free Project Profitability Analysis | Construction Accountants UK | File Easy,Get a free project profitability analysis. Real-time job costing that shows which projects are making money. Book a free consultation today.
job-costing,Job Costing Services,UK,contractors,BoF,Y,Free Job Costing Review | Construction Accountants UK | File Easy,Get a free job costing review. Track profitability by project, not just overall business. Book a free consultation today.
retention-management,Retention Management Services,UK,contractors,BoF,N,Retention Management for Construction Businesses | File Easy Accountancy,Expert retention management services for UK construction businesses. Track retentions, ensure you're paid what you're owed. CIS-compliant bookkeeping.
cash-flow-forecasting,Construction Cash Flow Forecasting,UK,developers,BoF,Y,Free Cash Flow Forecast | Construction Accountants UK | File Easy,Get a free cash flow forecast for your construction business. Predict gaps before they become crises. Book a free consultation today.
vat-reverse-charge,VAT Reverse Charge for Construction,UK,contractors,BoF,Y,Free VAT Reverse Charge Review | Construction Accountants UK | File Easy,Get a free VAT reverse charge review. We handle the complexity so you don't have to. Book a free consultation today.
construction-payroll,Construction Payroll Services,UK,contractors,BoF,N,Construction Payroll Services UK | CIS-Compliant Payroll | File Easy,Expert construction payroll services for UK contractors. CIS-compliant payroll, PAYE, RTI submissions. Serving contractors across Kent and London.
subcontractor-payments,Subcontractor Payment Processing,UK,contractors,BoF,N,Subcontractor Payment Processing UK | Construction Accountants | File Easy,Expert subcontractor payment processing for UK construction businesses. CIS-compliant payments and compliance. Serving contractors across the UK.
construction-bookkeeping,Construction Bookkeeping Services,UK,trades,BoF,Y,Free Construction Bookkeeping Review | UK Accountants | File Easy,Get a free construction bookkeeping review. CIS-compliant bookkeeping, project-based accounting. Book a free consultation today.
project-profitability,Project Profitability Analysis,UK,developers,BoF,Y,Free Project Profitability Analysis | Construction Accountants UK | File Easy,Get a free project profitability analysis. See which jobs are making money and which are losing it. Book a free consultation today.
construction-vat-compliance,Construction VAT Compliance,UK,contractors,BoF,Y,Free Construction VAT Review | UK Accountants | File Easy,Get a free construction VAT review. VAT reverse charge expertise, MTD compliance. Book a free consultation today.
making-tax-digital-construction,Making Tax Digital for Construction,UK,trades,MoF,N,Making Tax Digital for Construction Businesses | MTD Compliance | File Easy,Expert Making Tax Digital setup for UK construction businesses. MTD-compliant software, digital record-keeping. Serving trades across Kent and London.
construction-tax-planning,Construction Tax Planning,UK,developers,BoF,Y,Free Construction Tax Planning Review | UK Accountants | File Easy,Get a free construction tax planning review. Optimize your tax position legally. Book a free consultation today.
year-end-accounts-construction,Year-End Accounts for Construction,UK,developers,BoF,N,Year-End Accounts for Construction Companies | UK Accountants | File Easy,Expert year-end accounts for UK construction companies. Statutory accounts, Corporation Tax returns. Serving developers across Kent and London.
management-accounts-construction,Management Accounts for Construction,UK,developers,BoF,N,Management Accounts for Construction Businesses | UK Accountants | File Easy,Expert management accounts for UK construction businesses. Project-based reporting, cash flow analysis. Serving developers across the UK.
ir35-construction,IR35 Compliance for Construction,UK,contractors,BoF,Y,Free IR35 Assessment for Contractors | UK Accountants | File Easy,Get a free IR35 assessment for construction contractors. Status assessments, contract reviews. Book a free consultation today.
construction-company-formation,Construction Company Formation,UK,contractors,MoF,N,Construction Company Formation UK | Company Setup | File Easy,Expert construction company formation services for UK contractors. Limited company setup, registered office. Serving contractors across Kent and London.
capital-allowances-construction,Capital Allowances for Construction,UK,developers,BoF,Y,Free Capital Allowances Review | Construction Accountants UK | File Easy,Get a free capital allowances review for construction businesses. Plant and machinery allowances. Book a free consultation today.
construction-audit-support,HMRC Audit Support for Construction,UK,contractors,BoF,N,HMRC Audit Support for Construction Businesses | UK Accountants | File Easy,Expert HMRC audit support for UK construction businesses. We prepare your records and handle enquiries. Serving contractors across the UK.
construction-budgeting,Construction Budgeting Services,UK,developers,BoF,N,Construction Budgeting Services UK | Project Budgeting | File Easy,Expert construction budgeting services for UK developers. Project budgets, cost estimation. Serving developers across Kent and London.
construction-expense-tracking,Construction Expense Tracking,UK,trades,BoF,N,Construction Expense Tracking Services UK | Accountants | File Easy,Expert construction expense tracking for UK trades. Material costs, labor expenses, equipment usage. Serving trades across the UK.
construction-financial-forecasting,Construction Financial Forecasting,UK,developers,BoF,Y,Free Construction Financial Forecast | UK Accountants | File Easy,Get a free construction financial forecast. Multi-period projections, cash flow analysis. Book a free consultation today.
construction-tax-returns,Construction Tax Returns,UK,contractors,BoF,Y,Free Construction Tax Return Review | UK Accountants | File Easy,Get a free construction tax return review. Self-Assessment, Corporation Tax returns. Book a free consultation today.
construction-accounting-software,Construction Accounting Software Setup,UK,trades,MoF,N,Construction Accounting Software Setup UK | Xero QuickBooks | File Easy,Expert construction accounting software setup for UK trades. Xero, QuickBooks, Sage. Serving trades across Kent and London.
construction-cash-flow-management,Construction Cash Flow Management,UK,developers,BoF,Y,Free Cash Flow Management Review | UK Accountants | File Easy,Get a free cash flow management review for construction businesses. Working capital management. Book a free consultation today.
construction-business-advisory,Construction Business Advisory,UK,developers,BoF,N,Construction Business Advisory Services UK | Strategic Guidance | File Easy,Expert construction business advisory services for UK developers. Growth planning, efficiency improvements. Serving developers across the UK.
construction-tax-optimization,Construction Tax Optimization,UK,developers,BoF,Y,Free Construction Tax Optimization Review | UK Accountants | File Easy,Get a free construction tax optimization review. Minimize tax legally, maximize profitability. Book a free consultation today.
dubai-project-accounting,Dubai Project Accounting Services,UAE,developers,BoF,Y,Free Dubai Project Profitability Analysis | UAE Accountants | File Easy,Get a free Dubai project profitability analysis. Project-based accounting, job cost tracking. Book a free consultation today.
dubai-vat-compliance,Dubai Construction VAT Compliance,UAE,contractors,BoF,Y,Free Dubai VAT Compliance Check | UAE Accountants | File Easy,Get a free Dubai VAT compliance check for construction businesses. UAE VAT registration, returns filing. Book a free consultation today.
dubai-uk-dual-accounting,UK-UAE Dual-Country Accounting,UAE,developers,BoF,Y,Free UK-UAE Accounting Review | Dubai Accountants | File Easy,Get a free UK-UAE dual-country accounting review. Compliance across both jurisdictions. Book a free consultation today.
dubai-construction-payroll,Dubai Construction Payroll,UAE,contractors,BoF,N,Dubai Construction Payroll Services | UAE Accountants | File Easy,Expert Dubai construction payroll services for UAE contractors. Payroll management, labor compliance. Serving contractors across Dubai and UAE.
dubai-project-costing,Dubai Project Costing Services,UAE,developers,BoF,Y,Free Dubai Project Costing Review | UAE Accountants | File Easy,Get a free Dubai project costing review. Job cost tracking, project profitability. Book a free consultation today.
dubai-retention-vat,Retention Payment VAT Dubai,UAE,contractors,BoF,N,Retention Payment VAT Dubai | UAE Accountants | File Easy,Expert retention payment VAT services for Dubai construction businesses. VAT timing, compliance. Serving contractors across Dubai.
dubai-financial-statements,Dubai Monthly Financial Statements,UAE,developers,BoF,N,Dubai Monthly Financial Statements | UAE Accountants | File Easy,Expert monthly financial statements for Dubai construction businesses. Project-specific reporting. Serving developers across Dubai and UAE.
dubai-construction-bookkeeping,Dubai Construction Bookkeeping,UAE,trades,BoF,Y,Free Dubai Bookkeeping Review | UAE Accountants | File Easy,Get a free Dubai construction bookkeeping review. Project-based accounting, VAT compliance. Book a free consultation today.
dubai-construction-tax,Dubai Construction Tax Filing,UAE,contractors,BoF,Y,Free Dubai Tax Filing Review | UAE Accountants | File Easy,Get a free Dubai construction tax filing review. Corporate tax compliance, MOF integration. Book a free consultation today.
dubai-cost-estimation,Dubai Cost Estimation Services,UAE,developers,BoF,N,Dubai Cost Estimation Services | UAE Accountants | File Easy,Expert cost estimation services for Dubai construction businesses. Project budgeting, cost analysis. Serving developers across Dubai.

