Page Type,Page Title,Primary CTA,Secondary CTA,Tertiary CTA,Conversion Goal,CTA Placement,CTA Design,Expected CTR,Conversion Rate
Homepage,File Easy Accountancy - Medway Accountants,"Get Free Consultation","Call +44 7894 447435","View Our Services",Lead Generation,Hero + Above Fold,Primary Button,5%,3%
Service Page,Bookkeeping Services Kent,"Get Free Bookkeeping Quote","Call for Bookkeeping Help","View Pricing",Service Inquiry,Hero + Service Sections,Primary Button,7%,5%
Service Page,Payroll Services Kent,"Get Free Payroll Quote","Call for Payroll Help","View Pricing",Service Inquiry,Hero + Service Sections,Primary Button,6%,4%
Location Page,Accountant Maidstone Kent,"Free Consultation for Maidstone","Call Maidstone Office","View Local Services",Local Lead,Hero + Local Section,Primary Button,6%,4%
Location Page,Accountant Ashford Kent,"Free Consultation for Ashford","Call Ashford Office","View Local Services",Local Lead,Hero + Local Section,Primary Button,6%,4%
Location Page,Accountant Bromley Kent,"Free Consultation for Bromley","Call Bromley Office","View Local Services",Local Lead,Hero + Local Section,Primary Button,6%,4%
Service Page,Dubai Accounting Services,"Get Professional Accounting Services","Call Dubai Office","View Dubai Services",Service Inquiry,Hero + Service Sections,Primary Button,4%,2%
Service Page,VAT Services Dubai,"Ensure FTA Compliance","Get VAT Help","View VAT Services",Compliance Inquiry,Hero + Compliance Section,Primary Button,5%,3%
Pricing Page,Accounting Services Pricing Kent,"Save 30% on Your Costs","Get Custom Quote","Call for Pricing",Price Inquiry,Hero + Pricing Sections,Primary Button,8%,6%
FAQ Page,Accounting Services FAQ Kent,"Get Answers to Your Questions","Call for Help","View More FAQs",Question Resolution,Hero + FAQ Sections,Secondary Button,3%,2%
About Page,About File Easy Accountancy,"Meet Our Team","Get to Know Us","Contact Our Team",Trust Building,Hero + Team Section,Secondary Button,2%,1%
Contact Page,Contact File Easy Accountancy,"Get in Touch Today","Call Now","Send Message",Contact Inquiry,Hero + Contact Form,Primary Button,10%,5%
Blog Post,Why Choose a Local Accountant,"Free Consultation","Learn More","Contact Us",Education + Lead,Hero + End of Post,Secondary Button,3%,2%
Blog Post,Bookkeeping vs Accounting,"Get Professional Help","Learn More","Contact Us",Education + Lead,Hero + End of Post,Secondary Button,3%,2%
Case Study,Medway Business Success Story,"Start Your Success Story","Learn More","Get Help",Social Proof + Lead,Hero + End of Story,Secondary Button,4%,3%
Testimonials Page,Client Testimonials,"Join Our Happy Clients","Learn More","Contact Us",Social Proof + Lead,Hero + End of Page,Secondary Button,3%,1%
Resource Page,Kent Business Tax Guide,"Get Expert Tax Help","Learn More","Contact Us",Education + Lead,Hero + End of Guide,Secondary Button,3%,2%
Resource Page,Dubai Business Setup Guide,"Get Setup Help","Learn More","Contact Us",Education + Lead,Hero + End of Guide,Secondary Button,3%,2%
Service Page,Free Zone Accounting Dubai,"Free Zone Business Setup","Get Help","Contact Us",Specialized Inquiry,Hero + Free Zone Section,Primary Button,4%,3%
