Service,Market,Competitor Pricing,File Easy Pricing,Value Proposition,Positioning Strategy,Target Audience,Expected Uptake
Bookkeeping Services,Kent,£150-300/hour,£50-100/hour,Better value with personal service,SME-focused pricing,SMEs and startups,High
Payroll Services,Kent,£100-200/hour,£40-80/hour,Competitive pricing with local expertise,Local expertise advantage,SMEs with employees,High
VAT Returns,Kent,£100-150/hour,£60-100/hour,Transparent pricing with compliance focus,Compliance expertise,SMEs with VAT obligations,Medium
Tax Planning,Kent,£150-250/hour,£80-120/hour,Strategic tax planning at competitive rates,Tax savings focus,SMEs and individuals,Medium
Company Formation,Kent,£200-400/hour,£100-150/hour,Complete setup with ongoing support,Full service approach,New businesses,Medium
Management Accounts,Kent,£100-200/hour,£60-120/hour,Monthly insights at affordable rates,Financial clarity,SMEs needing insights,Medium
VAT Services,Dubai,$100-200/hour,$60-120/hour,FTA compliance at competitive rates,Compliance expertise,Dubai businesses,Medium
Corporate Tax,Dubai,$150-300/hour,$80-150/hour,Corporate tax planning and filing,Tax expertise,Dubai corporations,Low
Bookkeeping,Dubai,$75-150/hour,$50-100/hour,Accurate records with local knowledge,Local expertise,Dubai SMEs,Medium
Business Setup,Dubai,$200-400/hour,$120-200/hour,Complete setup with compliance focus,Full service approach,New Dubai businesses,Low
Free Zone Services,Dubai,$150-300/hour,$100-180/hour,Free zone expertise at competitive rates,Specialized knowledge,Free zone businesses,Low
CFO Services,Dubai,$200-400/hour,$120-200/hour,Strategic financial guidance,Strategic focus,Growing businesses,Low
