Phase,Page Type,Page Title,Priority,Timeline,Content Requirements,SEO Focus,Conversion Goal
Phase 1,Homepage,File Easy Accountancy - Medway Accountants,High,Week 1,Local expertise + comprehensive services,Primary keywords + local SEO,Lead generation
Phase 1,Service Page,Bookkeeping Services Kent,High,Week 1,Service specialization + local focus,Service keywords + local SEO,Service inquiries
Phase 1,Service Page,Payroll Services Kent,High,Week 1,Service specialization + local focus,Service keywords + local SEO,Service inquiries
Phase 1,Location Page,Accountant Maidstone Kent,High,Week 2,Local expertise + Maidstone focus,Location keywords + local SEO,Local leads
Phase 1,Location Page,Accountant Ashford Kent,High,Week 2,Local expertise + Ashford focus,Location keywords + local SEO,Local leads
Phase 1,Location Page,Accountant Bromley Kent,High,Week 2,Local expertise + Bromley focus,Location keywords + local SEO,Local leads
Phase 1,Service Page,Dubai Accounting Services,High,Week 3,Service provider vs job search,Dubai keywords + service focus,Service inquiries
Phase 1,Pricing Page,Accounting Services Pricing Kent,High,Week 3,Transparent pricing + value proposition,Pricing keywords + value SEO,Price inquiries
Phase 1,FAQ Page,Accounting Services FAQ Kent,High,Week 4,Common questions + local focus,FAQ keywords + local SEO,Question resolution
Phase 2,About Page,About File Easy Accountancy - Medway Accountants,Medium,Week 5,Team expertise + local knowledge,About keywords + team SEO,Trust building
Phase 2,Contact Page,Contact File Easy Accountancy - Medway,Medium,Week 5,Local contact + service areas,Contact keywords + local SEO,Contact inquiries
Phase 2,Blog Post,Why Choose a Local Accountant in Kent,Medium,Week 6,Local expertise benefits + case studies,Blog keywords + local SEO,Education + leads
Phase 2,Blog Post,Bookkeeping vs Accounting - What's the Difference,Medium,Week 6,Service education + differentiation,Blog keywords + service SEO,Education + leads
Phase 2,Case Study,Medway Business Success Story,Medium,Week 7,Local success + testimonials,Case study keywords + local SEO,Social proof
Phase 2,Testimonials Page,Client Testimonials - File Easy Accountancy,Medium,Week 7,Social proof + local success,Testimonial keywords + review SEO,Social proof
Phase 3,Service Page,VAT Services Dubai,Medium,Week 8,Compliance expertise + FTA focus,Dubai VAT keywords + compliance SEO,Compliance inquiries
Phase 3,Blog Post,Dubai VAT Compliance Guide 2025,Medium,Week 8,Compliance expertise + regulatory updates,Blog keywords + compliance SEO,Education + leads
Phase 3,Resource Page,Kent Business Tax Guide,Medium,Week 9,Local expertise + tax knowledge,Resource keywords + local SEO,Education + leads
Phase 3,Resource Page,Dubai Business Setup Guide,Low,Week 9,Dubai expertise + compliance,Resource keywords + Dubai SEO,Education + leads
Phase 3,Service Page,Free Zone Accounting Dubai,Low,Week 10,Free zone expertise + compliance,Free zone keywords + compliance SEO,Specialized inquiries
