Keyword,Search Volume,CPC,Competition,Difficulty,Intent,Persona,Priority,Market
accountant Kent,720,15.82,LOW,28,Commercial,SME,High,Kent
kent accountant,720,15.82,LOW,4,Commercial,SME,High,Kent
accountant maidstone kent,720,12.73,LOW,18,Commercial,SME,High,Kent
accountant in ashford kent,590,8.14,MEDIUM,15,Commercial,SME,High,Kent
accountant ashford kent,590,8.14,MEDIUM,10,Commercial,SME,High,Kent
accountant bromley kent,480,8.95,MEDIUM,0,Commercial,SME,High,Kent
kent accountant jobs,210,0.31,LOW,0,Informational,SME,Medium,Kent
accountant jobs kent,210,0.31,LOW,0,Informational,SME,Medium,Kent
accountant kent jobs,210,0.31,LOW,0,Informational,SME,Medium,Kent
trainee accountant jobs kent,50,0.35,LOW,0,Informational,SME,Medium,Kent
management accountant jobs kent,50,0.46,LOW,0,Commercial,SME,Medium,Kent
management accountant jobs in kent,50,0.46,LOW,0,Commercial,SME,Medium,Kent
trainee accountant jobs in kent,50,0.35,LOW,13,Informational,SME,Medium,Kent
accountant rainham kent,40,null,MEDIUM,null,Commercial,SME,Medium,Kent
trainee accountant kent,20,null,LOW,null,Informational,SME,Low,Kent
part time accountant kent,20,null,LOW,null,Commercial,SME,Low,Kent
assistant management accountant jobs kent,20,0.19,LOW,null,Commercial,SME,Low,Kent
property accountant kent,10,null,HIGH,null,Commercial,SME,Low,Kent
walter kent accountant,10,null,null,null,Commercial,SME,Low,Kent
assistant accountant jobs in kent,10,null,LOW,11,Informational,SME,Low,Kent
bookkeeping services Kent,20,null,LOW,5,Commercial,SME,High,Kent
kent bookkeeping services,20,null,LOW,5,Commercial,SME,High,Kent
payroll services Kent,50,null,LOW,0,Commercial,SME,High,Kent
payroll services in kent,50,null,LOW,0,Commercial,SME,High,Kent
payroll services kent,50,null,LOW,0,Commercial,SME,High,Kent
kent payroll services,10,5.03,MEDIUM,null,Commercial,SME,Medium,Kent
kent and medway nhs payroll services,10,null,null,null,Commercial,SME,Low,Kent
kent and medway payroll services,null,null,null,null,Commercial,SME,Low,Kent
job in dubai for accountant,3600,0.27,LOW,0,Commercial,SME,High,Dubai
jobs in dubai as accountant,3600,0.27,LOW,0,Commercial,SME,High,Dubai
accountant jobs in dubai uae,3600,0.27,LOW,3,Commercial,SME,High,Dubai
jobs in dubai for accountant,3600,0.27,LOW,0,Commercial,SME,High,Dubai
jobs in dubai accountant,3600,0.27,LOW,0,Commercial,SME,High,Dubai
job in dubai accountant,3600,0.27,LOW,0,Commercial,SME,High,Dubai
accountant jobs in dubai,3600,0.27,LOW,0,Commercial,SME,High,Dubai
accountant jobs in dubai companies,3600,0.27,LOW,0,Commercial,SME,High,Dubai
accountant jobs dubai,2400,0.63,LOW,3,Commercial,SME,High,Dubai
accountant work in dubai,2400,0.63,LOW,0,Commercial,SME,High,Dubai
dubai accountant vacancies,2400,0.63,LOW,0,Commercial,SME,High,Dubai
accountant vacancy in dubai,2400,0.63,LOW,3,Commercial,SME,High,Dubai
dubai accountant vacancy,2400,0.94,LOW,0,Commercial,SME,High,Dubai
jobs for accountant in dubai,2400,0.94,LOW,0,Commercial,SME,High,Dubai
accountant hiring dubai,2400,0.94,LOW,0,Commercial,SME,High,Dubai
accountant hiring in dubai,2400,0.63,LOW,3,Commercial,SME,High,Dubai
accountant vacancies in dubai,2400,0.63,LOW,0,Commercial,SME,High,Dubai
accountant job at dubai,2400,0.63,LOW,0,Commercial,SME,High,Dubai
dubai job accountant,2400,0.63,LOW,0,Commercial,SME,High,Dubai
job for accountant in dubai,2400,0.63,LOW,0,Commercial,SME,High,Dubai
