Competitor,Market,Service,Pricing Model,Price Range,Value Proposition,File Easy Opportunity
Perrys Accountants,Kent,Accounting Services,Premium,£150-300/hour,Multi-branch presence,Competitive pricing with local focus
Cannytax,Kent,Bookkeeping,Competitive,£25-50/hour,24/7 support,Better value with personal service
Friend & Grant,Kent,Tax Planning,Mid-market,£100-200/hour,Friendly approach,More affordable with same quality
Kreston Reeves,Kent,Audit Services,Premium,£200-400/hour,Large firm credibility,Specialized SME audit services
Bradleys Accountants,Kent,Xero Services,Mid-market,£50-100/hour,Xero certification,Competitive Xero pricing
UHY Hacker Young,Kent,Chartered Accountancy,Premium,£150-300/hour,150+ year history,Modern approach with heritage
Naylor Accountancy,Kent,Online Services,Mid-market,£75-150/hour,Online meetings,Hybrid online/in-person model
ML Accounting Services,Kent,Complex Tax,Mid-market,£100-200/hour,Complex tax expertise,Simplified complex tax solutions
The Accountant,Dubai,VAT Services,Competitive,$50-100/hour,FTA-approved,Competitive VAT services
KBA Accounting,Dubai,CFO Services,Premium,$150-300/hour,FTA Certified,Affordable CFO services
A&A Associate,Dubai,Bookkeeping,Mid-market,$75-150/hour,UAE-focused,Comprehensive bookkeeping
ONCOUNT,Dubai,Outsourcing,Competitive,$25-75/hour,Licensed firm,Quality outsourcing
Excellence Accounting,Dubai,Corporate Tax,Mid-market,$100-200/hour,Tax expertise,Simplified tax solutions
Jitendra Chartered Accountants,Dubai,Auditing,Premium,$200-400/hour,Leading firm,Competitive auditing
Excellent Accountants,Dubai,Tailored Services,Mid-market,$75-150/hour,7+ years experience,Personalized service
CTC Tax & Accounting,Dubai,Accounting Software,Mid-market,$50-100/hour,Software-focused,User-friendly software
KGRN Audit,Dubai,Free Zone Services,Premium,$150-300/hour,JAFZA/DAFZA approved,Free zone expertise
