Competitor,Market,Schema Types,Implementation Quality,Missing Elements,File Easy Opportunity
Perrys Accountants,Kent,"Organization, LocalBusiness, Service",Good,FAQPage,Add FAQPage schema
Cannytax,Kent,"Organization, LocalBusiness, Service",Good,Review,Add Review schema
Friend & Grant,Kent,"Organization, LocalBusiness",Basic,Service,Add Service schema
Kreston Reeves,Kent,"Organization, LocalBusiness, Service",Good,FAQPage,Add FAQPage schema
Bradleys Accountants,Kent,"Organization, LocalBusiness, Service",Good,Review,Add Review schema
UHY Hacker Young,Kent,"Organization, LocalBusiness",Basic,Service,Add Service schema
Naylor Accountancy,Kent,"Organization, LocalBusiness, Service",Good,Review,Add Review schema
ML Accounting Services,Kent,"Organization, LocalBusiness, Service",Good,FAQPage,Add FAQPage schema
The Accountant,Dubai,"Organization, LocalBusiness, Service",Good,Review,Add Review schema
KBA Accounting,Dubai,"Organization, LocalBusiness, Service",Good,FAQPage,Add FAQPage schema
A&A Associate,Dubai,"Organization, LocalBusiness",Basic,Service,Add Service schema
ONCOUNT,Dubai,"Organization, LocalBusiness, Service",Good,Review,Add Review schema
Excellence Accounting,Dubai,"Organization, LocalBusiness, Service",Good,FAQPage,Add FAQPage schema
Jitendra Chartered Accountants,Dubai,"Organization, LocalBusiness, Service",Good,Review,Add Review schema
Excellent Accountants,Dubai,"Organization, LocalBusiness, Service",Good,FAQPage,Add FAQPage schema
CTC Tax & Accounting,Dubai,"Organization, LocalBusiness, Service",Good,Review,Add Review schema
KGRN Audit,Dubai,"Organization, LocalBusiness, Service",Good,FAQPage,Add FAQPage schema
