Phase,Task,Priority,Timeline,Status,Owner,Success Metric,Notes
Phase 1,Homepage Enhancement,High,Week 1,Pending,Content Team,5% conversion rate,Local expertise positioning
Phase 1,Bookkeeping Services Page,High,Week 1,Pending,Content Team,6% conversion rate,Service specialization
Phase 1,Payroll Services Page,High,Week 1,Pending,Content Team,6% conversion rate,Service specialization
Phase 1,Accountant Maidstone Page,High,Week 2,Pending,Content Team,5% conversion rate,Local expertise
Phase 1,Accountant Ashford Page,High,Week 2,Pending,Content Team,5% conversion rate,Local expertise
Phase 1,Accountant Bromley Page,High,Week 2,Pending,Content Team,5% conversion rate,Local expertise
Phase 1,Dubai Services Page,High,Week 3,Pending,Content Team,2% conversion rate,Service vs job search
Phase 1,Pricing Page,High,Week 3,Pending,Content Team,8% conversion rate,Transparent pricing
Phase 1,FAQ Page,High,Week 4,Pending,Content Team,3% conversion rate,Comprehensive FAQ
Phase 2,About Page Enhancement,Medium,Week 5,Pending,Content Team,2% conversion rate,Team expertise
Phase 2,Contact Page Optimization,Medium,Week 5,Pending,Content Team,7% conversion rate,Local contact
Phase 2,Blog Post - Local Accountant,Medium,Week 6,Pending,Content Team,3% conversion rate,Educational content
Phase 2,Blog Post - Bookkeeping vs Accounting,Medium,Week 6,Pending,Content Team,3% conversion rate,Service education
Phase 2,Case Study - Medway Success,Medium,Week 7,Pending,Content Team,4% conversion rate,Social proof
Phase 2,Testimonials Page,Medium,Week 7,Pending,Content Team,2% conversion rate,Social proof
Phase 3,VAT Services Dubai,Medium,Week 8,Pending,Content Team,3% conversion rate,Compliance expertise
Phase 3,Blog Post - Dubai VAT Compliance,Medium,Week 8,Pending,Content Team,3% conversion rate,Regulatory updates
Phase 3,Kent Business Tax Guide,Medium,Week 9,Pending,Content Team,3% conversion rate,Local expertise
Phase 3,Dubai Business Setup Guide,Low,Week 9,Pending,Content Team,3% conversion rate,Dubai expertise
Phase 3,Free Zone Services Dubai,Low,Week 10,Pending,Content Team,3% conversion rate,Specialized services
Optimization,Homepage CTA Testing,High,Week 1,Pending,Marketing Team,5% CTR,CTA placement and design
Optimization,Service Page CTA Testing,High,Week 1,Pending,Marketing Team,7% CTR,Service-specific CTAs
Optimization,Form Field Reduction,High,Week 1,Pending,Development Team,5% form conversion,Simplify forms
Optimization,Lead Nurturing Automation,High,Week 2,Pending,Marketing Team,50% follow-up conversion,Automated sequences
Optimization,Location Page CTA Testing,High,Week 2,Pending,Marketing Team,6% CTR,Location-specific CTAs
Optimization,Pricing Page Optimization,High,Week 3,Pending,Marketing Team,8% CTR,Pricing transparency
Optimization,Contact Form Simplification,Medium,Week 3,Pending,Development Team,7% form conversion,Form UX
Optimization,Mobile Experience Optimization,Medium,Week 4,Pending,Development Team,25% mobile conversion,Mobile UX
Optimization,Blog Post CTA Testing,Medium,Week 6,Pending,Marketing Team,3% CTR,Blog to service linking
Optimization,Case Study CTA Testing,Medium,Week 7,Pending,Marketing Team,4% CTR,Case study to contact
Optimization,Testimonials CTA Testing,Low,Week 7,Pending,Marketing Team,2% CTR,Testimonials to contact
Optimization,Resource Page CTA Testing,Low,Week 9,Pending,Marketing Team,3% CTR,Resource to service linking
Monitoring,Traffic Monitoring,High,Ongoing,Pending,Analytics Team,457% traffic increase,Google Analytics
Monitoring,Conversion Monitoring,High,Ongoing,Pending,Analytics Team,6% conversion rate,Conversion tracking
Monitoring,Keyword Ranking Monitoring,High,Ongoing,Pending,SEO Team,Top 3 rankings,Rank tracking
Monitoring,Local Pack Monitoring,High,Ongoing,Pending,SEO Team,Top 3 local pack,Local SEO tracking
Monitoring,Lead Quality Monitoring,Medium,Ongoing,Pending,Sales Team,60% high-quality leads,Lead scoring
Monitoring,Revenue Monitoring,Medium,Ongoing,Pending,Finance Team,115% revenue increase,Revenue tracking
Monitoring,ROI Monitoring,Medium,Ongoing,Pending,Management Team,400% ROI,ROI tracking
Monitoring,Competitor Monitoring,Low,Ongoing,Pending,Marketing Team,Competitive advantage,Competitor analysis
