Keyword,Market,Search Volume,CPC,Difficulty,Competition,Intent,Persona,Rankability Score,Opportunity Score,Positioning Strategy,Priority
accountant Kent,Kent,720,15.82,28,LOW,Commercial,SME,75,85,Local expertise + competitive pricing,High
kent accountant,Kent,720,15.82,4,LOW,Commercial,SME,90,95,Local expertise + competitive pricing,High
accountant maidstone kent,Kent,720,12.73,18,LOW,Commercial,SME,80,90,Local expertise + competitive pricing,High
accountant in ashford kent,Kent,590,8.14,15,MEDIUM,Commercial,SME,70,80,Local expertise + competitive pricing,High
accountant ashford kent,Kent,590,8.14,10,MEDIUM,Commercial,SME,75,85,Local expertise + competitive pricing,High
accountant bromley kent,Kent,480,8.95,0,MEDIUM,Commercial,SME,85,90,Local expertise + competitive pricing,High
bookkeeping services Kent,Kent,20,null,5,LOW,Commercial,SME,90,95,Service specialization + local focus,High
kent bookkeeping services,Kent,20,null,5,LOW,Commercial,SME,90,95,Service specialization + local focus,High
payroll services Kent,Kent,50,null,0,LOW,Commercial,SME,95,95,Service specialization + local focus,High
payroll services in kent,Kent,50,null,0,LOW,Commercial,SME,95,95,Service specialization + local focus,High
payroll services kent,Kent,50,null,0,LOW,Commercial,SME,95,95,Service specialization + local focus,High
kent payroll services,Kent,10,5.03,null,MEDIUM,Commercial,SME,80,85,Service specialization + local focus,Medium
job in dubai for accountant,Dubai,3600,0.27,0,LOW,Commercial,SME,60,70,Service positioning vs job search,High
jobs in dubai as accountant,Dubai,3600,0.27,0,LOW,Commercial,SME,60,70,Service positioning vs job search,High
accountant jobs in dubai uae,Dubai,3600,0.27,3,LOW,Commercial,SME,65,75,Service positioning vs job search,High
accountant jobs dubai,Dubai,2400,0.63,3,LOW,Commercial,SME,70,80,Service positioning vs job search,High
accountant work in dubai,Dubai,2400,0.63,0,LOW,Commercial,SME,70,80,Service positioning vs job search,High
dubai accountant vacancies,Dubai,2400,0.63,0,LOW,Commercial,SME,70,80,Service positioning vs job search,High
accountant vacancy in dubai,Dubai,2400,0.63,3,LOW,Commercial,SME,70,80,Service positioning vs job search,High
dubai accountant vacancy,Dubai,2400,0.94,0,LOW,Commercial,SME,70,80,Service positioning vs job search,High
jobs for accountant in dubai,Dubai,2400,0.94,0,LOW,Commercial,SME,70,80,Service positioning vs job search,High
accountant hiring dubai,Dubai,2400,0.94,0,LOW,Commercial,SME,70,80,Service positioning vs job search,High
accountant hiring in dubai,Dubai,2400,0.63,3,LOW,Commercial,SME,70,80,Service positioning vs job search,High
accountant vacancies in dubai,Dubai,2400,0.63,0,LOW,Commercial,SME,70,80,Service positioning vs job search,High
accountant job at dubai,Dubai,2400,0.63,0,LOW,Commercial,SME,70,80,Service positioning vs job search,High
dubai job accountant,Dubai,2400,0.63,0,LOW,Commercial,SME,70,80,Service positioning vs job search,High
job for accountant in dubai,Dubai,2400,0.63,0,LOW,Commercial,SME,70,80,Service positioning vs job search,High
